id,brand,model,price,year,transmission,body,color,steering_wheel_pos,generation,mileage,engine_power,fuel_type,engine_capacity,wd,documents_cond,drivers_count,was_driven_by_legal_person,is_under_credit,description_len,without_mileage_in_RF
0,Toyota,Auris,1019000,2008,робот,хэтчбек 5 дв.,белый,левый,1 поколение,165000,124,бензин,1.6,передний,Характеристики совпадают с ПТС,3.0,True,True,1019.0,
1,Toyota,Nadia,797000,2002,АКПП,-,серебристый,правый,"1 поколение, рестайлинг",344000,152,бензин,2.0,передний,,,,,3336.0,
2,Lexus,LX570,3687000,2011,АКПП,-,серый,левый,3 поколение,182000,367,бензин,5.7,4WD,Характеристики совпадают с ПТС,2.0,False,True,,
3,Toyota,Land Cruiser Prado,3688000,2014,АКПП,джип/suv 5 дв.,черный,левый,"4 поколение, рестайлинг",245000,173,дизель,3.0,4WD,Характеристики совпадают с ПТС,4.0,False,True,,
4,Лада,Веста,999000,2019,механика,седан,белый,левый,1 поколение,105020,106,бензин,1.6,передний,Характеристики совпадают с ПТС,2.0,True,True,1100.0,
5,Kia,Optima,2247000,2018,АКПП,седан,черный,левый,4 поколение,96000,188,бензин,2.4,передний,Характеристики совпадают с ПТС,4.0,True,True,,
6,Mitsubishi,Colt,459000,2002,вариатор,хэтчбек 5 дв.,серый,правый,6 поколение,324000,90,бензин,1.3,передний,,,,,1044.0,
7,Toyota,Camry,1797000,2012,АКПП,седан,серебристый,левый,8 поколение,178000,181,бензин,2.5,передний,Характеристики совпадают с ПТС,9.0,False,True,,
8,Kia,Picanto,1029000,2011,АКПП,хэтчбек 5 дв.,серебристый,левый,2 поколение,120000,85,бензин,1.2,передний,Характеристики совпадают с ПТС,3.0,True,True,1079.0,
9,Mitsubishi,L200,5390000,2024,АКПП,-,черный,левый,"5 поколение, рестайлинг",0,181,дизель,2.4,4WD,,,,,,
10,Volkswagen,Multivan,3558000,2015,робот,-,бежевый,левый,6 поколение,162000,140,дизель,2.0,передний,Характеристики совпадают с ПТС,2.0,True,True,3336.0,
11,Lexus,GX460,5097000,2013,АКПП,-,коричневый,левый,"2 поколение, рестайлинг",99000,296,бензин,4.6,4WD,Характеристики совпадают с ПТС,3.0,True,False,,
12,Toyota,Vitz,937000,2012,вариатор,хэтчбек 5 дв.,белый,правый,3 поколение,35000,69,бензин,1.0,передний,,,,,,True
13,Volkswagen,Polo,1057000,2017,механика,седан,белый,левый,"5 поколение, рестайлинг",106000,110,бензин,1.6,передний,Характеристики совпадают с ПТС,4.0,False,True,,
14,Toyota,Camry,1887000,2013,АКПП,седан,белый,левый,8 поколение,115000,181,бензин,2.5,передний,Характеристики совпадают с ПТС,4.0,True,True,,
15,Nissan,Juke,1397000,2014,вариатор,-,красный,левый,"1 поколение, рестайлинг",104000,117,бензин,1.6,передний,Характеристики совпадают с ПТС,3.0,True,True,,
16,Toyota,Corolla,1279000,2012,автомат,седан,черный,левый,-,152000,110,бензин,1.6,передний,Характеристики совпадают с ПТС,7.0,True,True,1061.0,
17,Opel,Mokka,1477000,2013,АКПП,-,белый,левый,1 поколение,171000,140,бензин,1.8,4WD,Характеристики совпадают с ПТС,5.0,True,True,,
18,Nissan,Qashqai,2257000,2018,вариатор,-,черный,левый,2 поколение,115000,144,бензин,2.0,4WD,Характеристики совпадают с ПТС,4.0,False,True,,
19,Audi,A5,1499000,2010,робот,купе,синий,левый,1 поколение,135000,211,бензин,2.0,4WD,Характеристики совпадают с ПТС,7.0,True,False,1055.0,
20,Toyota,Land Cruiser Prado,3397000,2014,АКПП,джип/suv 5 дв.,серый,левый,"4 поколение, рестайлинг",185000,173,дизель,3.0,4WD,Характеристики совпадают с ПТС,3.0,True,True,,
21,Land Rover,Range Rover Sport,6898000,2020,АКПП,-,черный,левый,"2 поколение, рестайлинг",81000,249,дизель,3.0,4WD,Характеристики совпадают с ПТС,2.0,False,True,4044.0,
22,Nissan,Qashqai,1497000,2011,вариатор,-,белый,левый,"1 поколение, рестайлинг",89000,141,бензин,2.0,4WD,Характеристики совпадают с ПТС,2.0,False,True,,
23,Toyota,Land Cruiser Prado,3087000,2010,АКПП,джип/suv 5 дв.,черный,левый,4 поколение,230411,282,бензин,4.0,4WD,Характеристики совпадают с ПТС,3.0,False,True,1080.0,
24,Mazda,CX-5,2447000,2016,АКПП,-,синий,левый,"1 поколение, рестайлинг",183500,192,бензин,2.5,4WD,Характеристики совпадают с ПТС,2.0,True,True,,
25,Volkswagen,Polo,1677000,2021,АКПП,лифтбек,белый,левый,6 поколение,47000,110,бензин,1.6,передний,Характеристики совпадают с ПТС,2.0,False,True,3336.0,
26,Subaru,R2,415000,2007,вариатор,-,голубой,правый,"1 поколение, 2 рестайлинг",117000,46,бензин,0.7,4WD,,,,,3382.0,
27,Hyundai,Creta,2297000,2020,АКПП,-,белый,левый,"1 поколение, рестайлинг",63200,149,бензин,2.0,4WD,Характеристики совпадают с ПТС,2.0,True,True,,
28,Mitsubishi,Outlander,1499000,2010,вариатор,-,черный,левый,"2 поколение, рестайлинг",77000,168,бензин,2.4,передний,Характеристики совпадают с ПТС,1.0,True,True,1076.0,
29,Toyota,Land Cruiser Prado,4297000,2015,АКПП,джип/suv 5 дв.,черный,левый,"4 поколение, рестайлинг",144000,163,бензин,2.7,4WD,Характеристики совпадают с ПТС,1.0,True,True,,
30,Daihatsu,Thor,1367000,2019,вариатор,-,белый,правый,1 поколение,19400,98,бензин,1.0,передний,,,,,,True
31,Toyota,RAV4,2503000,2014,вариатор,джип/suv 5 дв.,белый,левый,4 поколение,80000,146,бензин,2.0,4WD,Характеристики совпадают с ПТС,3.0,True,True,,
32,Nissan,Juke,1479000,2012,вариатор,-,белый,левый,1 поколение,78000,117,бензин,1.6,передний,Характеристики совпадают с ПТС,2.0,True,True,1091.0,
33,Lexus,CT200h,1677000,2011,вариатор,-,белый,правый,1 поколение,169000,99,гибрид,1.8,передний,,,,,,
34,Ford,Focus,717000,2010,механика,универсал,белый,левый,"2 поколение, рестайлинг",226000,100,бензин,1.6,передний,Характеристики совпадают с ПТС,7.0,False,True,,
35,УАЗ,Патриот,1197000,2015,механика,-,серый,левый,"1 поколение, 2 рестайлинг",71000,135,бензин,2.7,4WD,Характеристики совпадают с ПТС,1.0,True,True,3508.0,
36,Volkswagen,Jetta,1907000,2020,АКПП,седан,черный,левый,7 поколение,57000,147,бензин,1.4,передний,,,,,,True
37,Toyota,Land Cruiser Prado,7397000,2020,АКПП,джип/suv 5 дв.,черный,левый,"4 поколение, 2 рестайлинг",26574,249,бензин,4.0,4WD,Характеристики совпадают с ПТС,1.0,True,True,,
38,Nissan,Teana,1399000,2012,вариатор,-,серебристый,левый,"2 поколение, рестайлинг",292000,182,бензин,2.5,передний,Характеристики совпадают с ПТС,9.0,True,True,1062.0,
39,Land Rover,Range Rover,31990007,2023,АКПП,джип/suv 5 дв.,черный,левый,5 поколение,0,530,бензин,4.4,4WD,,,,,3761.0,
40,Subaru,Outback,1257000,2007,АКПП,универсал,серый,левый,"3 поколение, рестайлинг",225000,165,бензин,2.5,4WD,Характеристики совпадают с ПТС,3.0,True,False,,
41,Volkswagen,Polo,1183000,2018,механика,седан,коричневый,левый,"5 поколение, рестайлинг",190000,110,бензин,1.6,передний,Характеристики совпадают с ПТС,3.0,True,True,,
42,Honda,Accord,1333000,2008,АКПП,седан,черный,левый,8 поколение,211000,201,бензин,2.4,передний,Характеристики совпадают с ПТС,9.0,False,True,,
43,Lincoln,Aviator,6787000,2020,АКПП,-,черный,левый,2 поколение,46000,400,бензин,3.0,4WD,,,,,,True
44,BMW,5-Series,4997000,2021,АКПП,седан,черный,левый,"7 поколение, рестайлинг",36500,184,гибрид,2.0,задний,,,,,,True
45,Lexus,CT200h,1883000,2014,вариатор,-,серый,правый,"1 поколение, рестайлинг",29000,99,гибрид,1.8,передний,,,,,,True
46,Lexus,RX350,1547000,2007,АКПП,-,золотистый,левый,"2 поколение, рестайлинг",219000,276,бензин,3.5,4WD,Характеристики совпадают с ПТС,2.0,True,True,3336.0,
47,Mazda,Axela,1437000,2014,АКПП,хэтчбек 5 дв.,красный,правый,3 поколение,109000,111,бензин,1.5,передний,,,,,,
48,Volkswagen,Touareg,4749000,2018,АКПП,-,белый,левый,"2 поколение, рестайлинг",132500,245,дизель,3.0,4WD,Характеристики совпадают с ПТС,1.0,True,True,1040.0,
49,Mercedes-Benz,E-Class,1747000,2011,АКПП,седан,черный,левый,4 поколение,179000,184,бензин,1.8,задний,Характеристики совпадают с ПТС,3.0,False,True,,
50,Honda,Stream,797000,2002,АКПП,-,черный,правый,1 поколение,306000,130,бензин,1.7,передний,,,,,3336.0,
51,Suzuki,Grand Vitara,1367000,2013,механика,джип/suv 5 дв.,коричневый,левый,"2 поколение, 2 рестайлинг",116000,140,бензин,2.0,4WD,Характеристики совпадают с ПТС,5.0,False,True,,
52,Nissan,Murano,3097000,2017,вариатор,джип/suv 5 дв.,серый,левый,3 поколение,81000,249,бензин,3.5,4WD,Характеристики совпадают с ПТС,1.0,True,True,,
53,Hyundai,Santa Fe,3847000,2021,АКПП,-,коричневый,левый,"4 поколение, рестайлинг",115000,180,бензин,2.5,4WD,Характеристики совпадают с ПТС,1.0,True,True,,
54,Hyundai,Solaris,1327000,2015,АКПП,седан,белый,левый,"1 поколение, рестайлинг",114785,123,бензин,1.6,передний,Характеристики совпадают с ПТС,5.0,True,True,,
55,Volkswagen,Sharan,1447000,2012,робот,-,синий,правый,2 поколение,82000,150,бензин,1.4,передний,,,,,,True
56,Nissan,X-Trail,1528000,2012,вариатор,-,серый,левый,"2 поколение, рестайлинг",215000,141,бензин,2.0,4WD,Характеристики совпадают с ПТС,3.0,True,True,,
57,BMW,X7,8570000,2019,АКПП,-,белый,левый,1 поколение,97822,249,дизель,3.0,4WD,Характеристики совпадают с ПТС,3.0,True,True,442.0,
58,Mazda,CX-5,2597000,2016,АКПП,-,красный,левый,"1 поколение, рестайлинг",69000,150,бензин,2.0,4WD,Характеристики совпадают с ПТС,2.0,True,True,3336.0,
59,Nissan,Qashqai,1228000,2011,вариатор,-,коричневый,левый,"1 поколение, рестайлинг",231000,141,бензин,2.0,передний,Характеристики совпадают с ПТС,3.0,True,True,,
60,Lexus,LX570,8947000,2017,АКПП,-,белый,левый,"3 поколение, 2 рестайлинг",84000,367,бензин,5.7,4WD,Характеристики совпадают с ПТС,2.0,False,True,,
61,Nissan,Serena,2483000,2020,автомат,-,серый,правый,-,107000,150,бензин,2.0,передний,,,,,,True
62,Kia,Rio,1817000,2020,АКПП,седан,белый,левый,"4 поколение, рестайлинг",63000,123,бензин,1.6,передний,Характеристики совпадают с ПТС,1.0,True,True,,
63,Honda,Accord,589000,2000,автомат,седан,серый,правый,-,220000,120,бензин,1.9,передний,,,,,1048.0,
64,Nissan,Teana,1298000,2008,вариатор,-,бордовый,левый,2 поколение,155000,182,бензин,2.5,передний,Характеристики совпадают с ПТС,5.0,True,True,,
65,Nissan,NV200,1327000,2014,АКПП,-,серебристый,правый,1 поколение,180000,109,бензин,1.6,передний,,,,,3336.0,
66,Kia,K5,3297000,2019,АКПП,-,белый,левый,3 поколение,31000,160,бензин,2.0,передний,Характеристики совпадают с ПТС,1.0,True,True,,
67,Lexus,RX350,2987000,2013,АКПП,-,серый,левый,"3 поколение, рестайлинг",145000,277,бензин,3.5,4WD,Характеристики совпадают с ПТС,2.0,True,True,,
68,Toyota,Hiace,2583000,2011,механика,-,серебристый,левый,"5 поколение, рестайлинг",665000,151,бензин,2.7,задний,Характеристики совпадают с ПТС,3.0,False,True,,
69,Mazda,CX-7,1299000,2011,АКПП,-,черный,левый,"1 поколение, рестайлинг",209000,238,бензин,2.3,4WD,Характеристики совпадают с ПТС,3.0,True,True,1102.0,
70,Lifan,X60,1247000,2017,вариатор,-,серый,левый,"1 поколение, 2 рестайлинг",66000,128,бензин,1.8,передний,Характеристики совпадают с ПТС,1.0,True,True,3336.0,
71,RAM,1500,10290000,2023,АКПП,-,белый,левый,2 поколение,0,395,бензин,5.7,4WD,,,,,,
72,Toyota,Land Cruiser,6547000,2016,АКПП,джип/suv 5 дв.,белый,левый,"11 поколение, 2 рестайлинг",117350,249,дизель,4.5,4WD,Характеристики совпадают с ПТС,5.0,False,True,,
73,Kia,Ceed,1797000,2018,робот,хэтчбек 5 дв.,белый,левый,3 поколение,78000,140,бензин,1.4,передний,Характеристики совпадают с ПТС,5.0,False,True,,
74,Chery,Tiggo 4,1797000,2019,вариатор,-,серебристый,левый,"1 поколение, рестайлинг",68000,122,бензин,2.0,передний,Характеристики совпадают с ПТС,1.0,True,True,,
75,Toyota,Camry,1897000,2014,АКПП,седан,черный,левый,8 поколение,149000,181,бензин,2.5,передний,Характеристики совпадают с ПТС,4.0,True,True,,
76,УАЗ,Буханка,1445000,2024,механика,-,зеленый,левый,-,0,112,бензин,2.7,4WD,,,,,715.0,
77,Lexus,LX470,2357000,2004,АКПП,-,черный,левый,"2 поколение, рестайлинг",391000,234,бензин,4.7,4WD,Характеристики совпадают с ПТС,7.0,True,True,,
78,Toyota,Prius,1327000,2011,вариатор,лифтбек,белый,правый,3 поколение,155139,99,гибрид,1.8,передний,,,,,,
79,Land Rover,Range Rover,5997000,2016,АКПП,джип/suv 5 дв.,черный,левый,4 поколение,130000,339,дизель,4.4,4WD,Характеристики совпадают с ПТС,3.0,True,True,,
80,Toyota,Camry,1850000,2013,АКПП,седан,белый,левый,8 поколение,148041,249,бензин,3.5,передний,Характеристики совпадают с ПТС,3.0,False,True,,
81,Nissan,Serena,2433000,2019,вариатор,-,серый,правый,5 поколение,114000,150,бензин,2.0,передний,,,,,,True
82,Peugeot,107,650000,2013,робот,хэтчбек 5 дв.,фиолетовый,левый,"1 поколение, 2 рестайлинг",54000,68,бензин,1.0,передний,Характеристики совпадают с ПТС,4.0,True,True,,
83,Mercedes-Benz,E-Class,1500000,2009,АКПП,седан,черный,левый,4 поколение,192000,170,дизель,2.1,задний,Характеристики совпадают с ПТС,10.0,True,True,898.0,
84,Toyota,Land Cruiser Prado,3897000,2013,АКПП,джип/suv 5 дв.,черный,левый,"4 поколение, рестайлинг",174700,163,бензин,2.7,4WD,Характеристики совпадают с ПТС,2.0,True,True,,
85,Suzuki,Jimny,1799000,2019,автомат,джип/suv 5 дв.,черный,правый,-,112000,64,бензин,0.7,4WD,,,,,1154.0,
86,Toyota,RAV4,1249000,2007,АКПП,джип/suv 5 дв.,красный,левый,3 поколение,225000,152,бензин,2.0,4WD,Характеристики совпадают с ПТС,3.0,True,True,1070.0,
87,Mitsubishi,Outlander,1349000,2012,вариатор,-,белый,левый,"2 поколение, рестайлинг",205000,170,бензин,2.4,4WD,Характеристики совпадают с ПТС,3.0,False,True,,
88,Nissan,Qashqai,1777000,2019,вариатор,-,черный,левый,"2 поколение, рестайлинг",116000,144,бензин,2.0,передний,Характеристики совпадают с ПТС,2.0,False,True,,
89,Skoda,Octavia,999000,2013,АКПП,лифтбек,бежевый,левый,"2 поколение, рестайлинг",132144,102,бензин,1.6,передний,Характеристики совпадают с ПТС,4.0,True,True,,
90,Лада,Гранта Кросс,939000,2020,механика,-,серый,левый,1 поколение,34000,106,бензин,1.6,передний,Характеристики совпадают с ПТС,2.0,True,True,1109.0,
91,Hyundai,Santa Fe,4647000,2022,АКПП,-,белый,левый,"4 поколение, рестайлинг",38000,180,бензин,2.5,4WD,Характеристики совпадают с ПТС,1.0,True,True,,
92,Opel,Corsa,629000,2011,АКПП,хэтчбек 5 дв.,зеленый,левый,"4 поколение, рестайлинг",114150,101,бензин,1.4,передний,Характеристики совпадают с ПТС,6.0,True,True,1013.0,
93,Mazda,Demio,567000,2005,АКПП,-,серый,правый,"2 поколение, рестайлинг",209000,91,бензин,1.3,передний,,,,,,
94,Nissan,Juke,1383000,2013,вариатор,-,белый,левый,1 поколение,165000,190,бензин,1.6,4WD,Характеристики совпадают с ПТС,5.0,True,True,,
95,Nissan,Teana,1397000,2012,вариатор,-,серый,левый,"2 поколение, рестайлинг",210000,182,бензин,2.5,передний,Характеристики совпадают с ПТС,6.0,True,True,,
96,Toyota,RAV4,2097000,2013,АКПП,джип/suv 5 дв.,зеленый,левый,4 поколение,156700,150,дизель,2.2,4WD,Характеристики совпадают с ПТС,1.0,True,True,,
97,Toyota,Hilux,2058000,2014,механика,-,серый,левый,"7 поколение, 2 рестайлинг",196000,144,дизель,2.5,4WD,Характеристики совпадают с ПТС,3.0,False,True,,
98,Toyota,Prius Alpha,1698000,2015,вариатор,-,черный,правый,"1 поколение, рестайлинг",144000,99,гибрид,1.8,передний,,,,,,
99,Ford,Focus,757000,2007,АКПП,седан,серый,левый,2 поколение,126000,100,бензин,1.6,передний,Характеристики совпадают с ПТС,1.0,True,True,,
100,Toyota,Noah,2050000,2015,вариатор,-,черный,правый,3 поколение,158132,99,гибрид,1.8,передний,,,,,,True
101,RAM,1500,10290000,2023,АКПП,-,черный,левый,2 поколение,0,395,бензин,5.7,4WD,,,,,,
102,Toyota,Isis,879000,2004,АКПП,-,синий,правый,1 поколение,326000,132,бензин,1.8,передний,,,,,1034.0,
103,Honda,Civic,187000,1996,механика,хэтчбек 3 дв.,зеленый,левый,6 поколение,250000,90,бензин,1.4,передний,Характеристики совпадают с ПТС,13.0,True,True,282.0,
104,Toyota,Voxy,999000,2002,АКПП,-,серый,правый,1 поколение,270177,152,бензин,2.0,4WD,,,,,,
105,Kia,Cerato,2307000,2021,АКПП,седан,белый,левый,4 поколение,77000,150,бензин,2.0,передний,Характеристики совпадают с ПТС,3.0,False,True,,
106,Toyota,Esquire,2257000,2017,вариатор,-,серый,правый,1 поколение,106000,99,гибрид,1.8,передний,,,,,,True
107,Opel,Corsa,469000,2007,робот,хэтчбек 5 дв.,зеленый,левый,4 поколение,189000,80,бензин,1.2,передний,Характеристики совпадают с ПТС,11.0,True,True,1047.0,
108,Hyundai,i40,1547000,2015,АКПП,седан,белый,левый,1 поколение,110000,150,бензин,2.0,передний,Характеристики совпадают с ПТС,1.0,True,True,3461.0,
109,Лада,Гранта,917000,2021,механика,лифтбек,коричневый,левый,"1 поколение, рестайлинг",54000,87,бензин,1.6,передний,Характеристики совпадают с ПТС,1.0,True,True,,
110,Toyota,Camry,2249000,2013,АКПП,седан,белый,левый,8 поколение,200000,181,бензин,2.5,передний,Характеристики совпадают с ПТС,3.0,True,True,1079.0,
111,Лада,Приора,515000,2012,механика,хэтчбек 5 дв.,серый,левый,1 поколение,147431,98,бензин,1.6,передний,Характеристики совпадают с ПТС,3.0,True,True,,
112,Kia,Picanto,899000,2014,АКПП,хэтчбек 5 дв.,серебристый,левый,2 поколение,99700,85,бензин,1.2,передний,Характеристики совпадают с ПТС,1.0,True,True,1151.0,
113,Nissan,Juke,1399000,2013,вариатор,-,белый,левый,1 поколение,139000,117,бензин,1.6,передний,Характеристики совпадают с ПТС,3.0,True,True,1143.0,
114,Honda,Vezel,2318000,2018,робот,-,белый,правый,"1 поколение, рестайлинг",57000,132,гибрид,1.5,4WD,,,,,,True
115,Mitsubishi,Outlander,1397000,2008,вариатор,-,черный,левый,2 поколение,194000,170,бензин,2.4,4WD,Характеристики совпадают с ПТС,6.0,True,True,3336.0,
116,Лада,Нива Легенд,1040000,2024,механика,джип/suv 3 дв.,белый,левый,1 поколение,0,83,бензин,1.7,4WD,,,,,822.0,
117,УАЗ,Буханка,1455000,2024,механика,-,серый,левый,-,0,112,бензин,2.7,4WD,,,,,474.0,
118,Toyota,Land Cruiser Prado,3597000,2009,АКПП,джип/suv 5 дв.,белый,левый,4 поколение,133732,282,бензин,4.0,4WD,Характеристики совпадают с ПТС,3.0,True,True,,
119,Mitsubishi,Outlander,2258000,2017,вариатор,-,белый,левый,"3 поколение, 2 рестайлинг",165000,146,бензин,2.0,4WD,Характеристики совпадают с ПТС,2.0,True,True,,
120,Nissan,Serena,1547000,2015,вариатор,-,белый,правый,"4 поколение, рестайлинг",240000,144,бензин,2.0,4WD,,,,,3336.0,
121,Toyota,Land Cruiser Prado,4557000,2018,АКПП,джип/suv 5 дв.,черный,правый,"4 поколение, 2 рестайлинг",69500,177,дизель,2.8,4WD,,,,,,
122,Honda,Accord,1229000,2008,АКПП,седан,серый,левый,8 поколение,177790,201,бензин,2.4,передний,Характеристики совпадают с ПТС,17.0,True,True,,
123,Hyundai,ix35,1697000,2012,АКПП,-,черный,левый,1 поколение,92000,150,бензин,2.0,4WD,Характеристики совпадают с ПТС,1.0,True,True,3336.0,
124,RAM,1500,10890000,2023,АКПП,-,черный,левый,2 поколение,0,395,гибрид,5.7,4WD,,,,,,
125,Nissan,Murano,1397000,2011,вариатор,джип/suv 5 дв.,серебристый,левый,"2 поколение, рестайлинг",177000,249,бензин,3.5,4WD,Характеристики совпадают с ПТС,3.0,False,True,,
126,Nissan,Note,1147000,2017,АКПП,-,серебристый,правый,"2 поколение, рестайлинг",109000,79,гибрид,1.2,передний,,,,,,
127,Toyota,RAV4,2375000,2014,вариатор,джип/suv 5 дв.,серый,левый,4 поколение,63000,146,бензин,2.0,4WD,Характеристики совпадают с ПТС,2.0,True,True,197.0,
128,Toyota,Tank,1137000,2017,вариатор,-,синий,правый,1 поколение,64000,69,бензин,1.0,передний,,,,,,True
129,Toyota,C-HR,2269000,2019,автомат,-,белый,правый,-,70500,115,бензин,1.2,передний,,,,,1176.0,
130,Toyota,Voxy,1317000,2007,вариатор,-,синий,правый,"1 поколение, рестайлинг",205000,155,бензин,2.0,4WD,,,,,1106.0,
131,Toyota,Land Cruiser Prado,3947000,2015,АКПП,джип/suv 5 дв.,серый,левый,"4 поколение, рестайлинг",133000,173,дизель,3.0,4WD,Характеристики совпадают с ПТС,3.0,True,True,,
132,Fiat,Doblo,597000,2008,механика,-,синий,левый,"1 поколение, рестайлинг",227000,77,бензин,1.4,передний,Характеристики совпадают с ПТС,3.0,False,True,,
133,Nissan,X-Trail,1517000,2011,вариатор,-,серый,левый,"2 поколение, рестайлинг",196000,169,бензин,2.5,4WD,Характеристики совпадают с ПТС,4.0,True,True,,
134,Volkswagen,Polo,1599000,2021,АКПП,лифтбек,белый,левый,6 поколение,97000,110,бензин,1.6,передний,Характеристики совпадают с ПТС,1.0,True,True,1161.0,
135,Toyota,Esquire,2637000,2018,вариатор,-,серый,правый,"1 поколение, рестайлинг",112415,152,бензин,2.0,передний,,,,,,
136,Лада,Ларгус Кросс,1137000,2017,механика,-,белый,левый,1 поколение,126000,102,бензин,1.6,передний,Модель не совпадает с ПТС,1.0,False,True,1073.0,
137,Toyota,Corolla Runx,688000,2001,АКПП,-,серый,правый,1 поколение,204000,105,бензин,1.5,4WD,,,,,,
138,Mitsubishi,Outlander,1827000,2014,вариатор,-,белый,левый,"3 поколение, рестайлинг",151000,146,бензин,2.0,4WD,Характеристики совпадают с ПТС,1.0,True,True,,
139,Toyota,Camry,2147000,2015,АКПП,седан,черный,левый,"8 поколение, рестайлинг",166000,181,бензин,2.5,передний,Характеристики совпадают с ПТС,5.0,True,True,,
140,Toyota,Avensis,697000,2001,АКПП,седан,серебристый,левый,"1 поколение, рестайлинг",265000,128,бензин,2.0,передний,Характеристики совпадают с ПТС,9.0,True,True,3336.0,
141,Hyundai,Solaris,1297000,2015,АКПП,седан,белый,левый,"1 поколение, рестайлинг",158000,123,бензин,1.6,передний,Характеристики совпадают с ПТС,2.0,True,True,,
142,Mitsubishi,Pajero Sport,1653000,2014,механика,-,черный,левый,"2 поколение, рестайлинг",257000,178,дизель,2.5,4WD,Характеристики совпадают с ПТС,2.0,True,True,,
143,Toyota,Corona Premio,627000,1999,АКПП,-,серый,правый,"1 поколение, рестайлинг",227000,115,бензин,1.8,передний,,,,,3336.0,
144,Honda,Vezel,1653000,2014,робот,-,зеленый,правый,1 поколение,106000,132,гибрид,1.5,передний,,,,,,
145,Foton,Tunland G7,3695000,2023,АКПП,-,серебристый,левый,1 поколение,0,163,дизель,2.0,4WD,,,,,,
146,Mercedes-Benz,E-Class,4237000,2018,АКПП,седан,белый,левый,5 поколение,78200,184,бензин,2.0,4WD,Характеристики совпадают с ПТС,2.0,True,True,,
147,Honda,CR-V,1397000,2008,АКПП,-,серебристый,левый,3 поколение,232000,150,бензин,2.0,4WD,Характеристики совпадают с ПТС,6.0,True,True,,
148,Volkswagen,Bora,2199000,2022,АКПП,седан,белый,левый,4 поколение,0,112,бензин,1.5,передний,,,,,4090.0,
149,Skoda,Octavia,1529000,2018,АКПП,лифтбек,белый,левый,"3 поколение, рестайлинг",111000,110,бензин,1.6,передний,Характеристики совпадают с ПТС,3.0,True,True,1070.0,
150,Toyota,Camry,2858000,2018,АКПП,седан,черный,левый,9 поколение,207000,181,бензин,2.5,передний,Характеристики совпадают с ПТС,1.0,False,True,,
151,Toyota,Gaia,699000,1999,АКПП,-,белый,правый,1 поколение,319080,135,бензин,2.0,4WD,,,,,,
152,Hyundai,i30,897000,2009,АКПП,хэтчбек 5 дв.,серый,левый,1 поколение,109000,122,бензин,1.6,передний,Характеристики совпадают с ПТС,1.0,True,True,,
153,BMW,X6,3310000,2015,АКПП,-,коричневый,левый,2 поколение,248000,306,бензин,3.0,4WD,Характеристики совпадают с ПТС,3.0,True,True,790.0,
154,Toyota,Corolla Fielder,1233000,2014,вариатор,-,белый,правый,3 поколение,188000,74,гибрид,1.5,передний,,,,,,
155,Geely,Coolray,2379000,2023,автомат,-,серый,левый,"1 поколение, рестайлинг",0,174,бензин,1.5,передний,,,,,854.0,
156,Toyota,Avensis,963000,2006,АКПП,седан,серебристый,левый,2 поколение,232000,129,бензин,1.8,передний,Характеристики совпадают с ПТС,2.0,True,True,,
157,Lexus,ES200,2399000,2016,АКПП,-,черный,левый,"6 поколение, рестайлинг",114500,150,бензин,2.0,передний,Характеристики совпадают с ПТС,2.0,True,True,1219.0,
158,Mazda,CX-5,1909000,2014,АКПП,-,бордовый,левый,1 поколение,198000,192,бензин,2.5,4WD,Характеристики совпадают с ПТС,2.0,True,True,,
159,Opel,Astra,597000,2008,робот,хэтчбек 5 дв.,синий,левый,"3 поколение, рестайлинг",168000,115,бензин,1.6,передний,Характеристики совпадают с ПТС,6.0,True,True,,
160,Toyota,Land Cruiser Prado,3597000,2013,АКПП,джип/suv 5 дв.,белый,левый,4 поколение,166000,282,бензин,4.0,4WD,Характеристики совпадают с ПТС,2.0,True,True,,
161,Nissan,Qashqai,1323000,2012,вариатор,-,белый,левый,"1 поколение, рестайлинг",130000,141,бензин,2.0,передний,Характеристики совпадают с ПТС,5.0,True,True,,
162,Hummer,H2,2188000,2003,АКПП,джип/suv 5 дв.,серый,левый,1 поколение,39997,315,бензин,6.0,4WD,Объем двигателя не совпадает с ПТС,1.0,True,False,,
163,Mazda,CX-3,1459000,2015,АКПП,-,белый,правый,1 поколение,112000,105,дизель,1.5,4WD,,,,,,
164,Mazda,Mazda3,699000,2006,АКПП,седан,черный,левый,"1 поколение, рестайлинг",216350,105,бензин,1.6,передний,Характеристики совпадают с ПТС,7.0,True,True,,
165,Honda,Fit,967000,2011,вариатор,-,серый,правый,"2 поколение, рестайлинг",160000,88,гибрид,1.3,передний,,,,,,
166,Nissan,Note,1399000,2016,АКПП,-,черный,правый,"2 поколение, рестайлинг",85660,79,гибрид,1.2,передний,,,,,,True
167,EXEED,LX,2458000,2022,вариатор,-,белый,левый,"1 поколение, рестайлинг",6482,147,бензин,1.5,передний,Характеристики совпадают с ПТС,1.0,True,True,3336.0,
168,Honda,Shuttle,1393000,2017,вариатор,универсал,серый,правый,2 поколение,163000,132,бензин,1.5,передний,,,,,,
169,Toyota,Avensis,1497000,2012,вариатор,универсал,голубой,левый,"3 поколение, рестайлинг",183000,147,бензин,1.8,передний,Характеристики совпадают с ПТС,1.0,True,True,,
170,Infiniti,FX37,1978000,2010,АКПП,-,белый,левый,2 поколение,217000,333,бензин,3.7,4WD,Характеристики совпадают с ПТС,6.0,True,True,,
171,Volkswagen,Polo,1230000,2017,механика,седан,серебристый,левый,"5 поколение, рестайлинг",58340,110,бензин,1.6,передний,Характеристики совпадают с ПТС,4.0,True,True,685.0,
172,Mazda,Mazda6,1298000,2010,АКПП,седан,белый,левый,2 поколение,145000,147,бензин,2.0,передний,Характеристики совпадают с ПТС,6.0,True,True,,
173,Toyota,Harrier,2897000,2015,вариатор,-,белый,правый,3 поколение,107000,152,гибрид,2.5,4WD,,,,,3336.0,
174,Hyundai,Solaris,1949000,2022,АКПП,седан,серый,левый,"2 поколение, рестайлинг",5480,123,бензин,1.6,передний,Характеристики совпадают с ПТС,1.0,False,True,1137.0,
175,Opel,Meriva,779000,2011,механика,-,белый,левый,2 поколение,262000,110,дизель,1.7,передний,Характеристики совпадают с ПТС,1.0,True,True,1078.0,
176,Mitsubishi,eK X,998000,2019,вариатор,-,синий,правый,1 поколение,11000,52,гибрид,0.7,передний,,,,,,True
177,Nissan,Bluebird Sylphy,497000,2001,АКПП,-,белый,правый,1 поколение,315563,105,бензин,1.5,передний,,,,,,
178,Hyundai,Solaris,1170000,2013,АКПП,седан,серый,левый,1 поколение,88300,123,бензин,1.6,передний,Характеристики совпадают с ПТС,3.0,True,True,3336.0,
179,Mazda,CX-5,1757000,2012,АКПП,-,синий,левый,1 поколение,177000,150,бензин,2.0,4WD,Характеристики совпадают с ПТС,2.0,True,True,,
180,Toyota,RAV4,1777000,2012,вариатор,джип/suv 5 дв.,черный,левый,"3 поколение, 2 рестайлинг",206000,148,бензин,2.0,4WD,Характеристики совпадают с ПТС,3.0,True,True,,
181,Toyota,Camry,3097000,2018,АКПП,седан,черный,левый,9 поколение,106000,181,бензин,2.5,передний,Характеристики совпадают с ПТС,3.0,False,True,,
182,Mitsubishi,Outlander,1837000,2014,вариатор,-,серый,левый,"3 поколение, рестайлинг",164000,146,бензин,2.0,4WD,Характеристики совпадают с ПТС,1.0,True,True,,
183,Toyota,Camry,3797000,2021,АКПП,седан,белый,левый,"9 поколение, рестайлинг",34000,200,бензин,2.5,передний,Характеристики совпадают с ПТС,1.0,True,True,,
184,Lexus,RX350,2928000,2013,АКПП,-,серебристый,левый,"3 поколение, рестайлинг",168000,277,бензин,3.5,4WD,Характеристики совпадают с ПТС,5.0,False,True,,
185,Kia,Stinger,2599000,2018,АКПП,-,черный,левый,1 поколение,64300,247,бензин,2.0,задний,Характеристики совпадают с ПТС,2.0,True,True,1166.0,
186,Toyota,Hilux,6299007,2023,автомат,-,черный,левый,-,0,200,дизель,2.8,4WD,,,,,4663.0,
187,Hyundai,Palisade,4747000,2021,АКПП,-,белый,левый,1 поколение,39000,200,дизель,2.2,4WD,,,,,,True
188,Toyota,Wish,1549000,2010,вариатор,-,фиолетовый,правый,2 поколение,180000,144,бензин,1.8,передний,,,,,,
189,Volkswagen,Tiguan,4297000,2021,робот,-,серый,левый,"2 поколение, рестайлинг",17500,180,бензин,2.0,4WD,Характеристики совпадают с ПТС,1.0,True,True,3598.0,
190,Kia,Ceed,1837000,2018,АКПП,хэтчбек 5 дв.,красный,левый,3 поколение,43000,128,бензин,1.6,передний,Характеристики совпадают с ПТС,1.0,True,True,,
191,Honda,Freed,1347000,2013,АКПП,-,белый,правый,"1 поколение, 2 рестайлинг",215000,118,бензин,1.5,4WD,,,,,3336.0,
192,Toyota,Land Cruiser Prado,3187000,2012,АКПП,джип/suv 5 дв.,черный,левый,4 поколение,148000,282,бензин,4.0,4WD,Характеристики совпадают с ПТС,2.0,False,True,,
193,Nissan,Qashqai,1347000,2010,вариатор,-,белый,левый,"1 поколение, рестайлинг",173000,141,бензин,2.0,4WD,Характеристики совпадают с ПТС,8.0,False,True,3336.0,
194,Lexus,RX350,4537000,2015,АКПП,-,серый,левый,4 поколение,59000,301,бензин,3.5,4WD,Характеристики совпадают с ПТС,1.0,True,True,,
195,Chevrolet,Lacetti,728000,2007,АКПП,седан,красный,левый,1 поколение,130000,122,бензин,1.8,передний,Характеристики совпадают с ПТС,4.0,True,True,1076.0,
196,Chevrolet,Monza,2199000,2023,робот,-,белый,левый,"4 поколение, рестайлинг",0,113,бензин,1.5,передний,,,,,3677.0,
197,Honda,Freed,919000,2011,вариатор,-,серый,правый,"1 поколение, рестайлинг",150000,118,бензин,1.5,передний,,,,,,
198,Hyundai,Tucson,1097000,2007,АКПП,-,черный,левый,1 поколение,247400,142,бензин,2.0,4WD,Характеристики совпадают с ПТС,7.0,True,True,1188.0,
199,Jeep,Grand Cherokee,1999000,2012,АКПП,-,белый,левый,4 поколение,130000,241,дизель,3.0,4WD,Характеристики совпадают с ПТС,3.0,True,True,1076.0,
200,Nissan,Navara,1367000,2011,механика,-,серый,левый,"2 поколение, рестайлинг",256000,190,дизель,2.5,4WD,Мощность двигателя не совпадает с ПТС,3.0,False,True,,
201,Volkswagen,Jetta,1597000,2017,АКПП,седан,черный,левый,"6 поколение, рестайлинг",112000,110,бензин,1.6,передний,Характеристики совпадают с ПТС,1.0,True,True,,
202,Toyota,Camry,2497000,2017,АКПП,седан,белый,левый,"8 поколение, 2 рестайлинг",162000,181,бензин,2.5,передний,Характеристики совпадают с ПТС,3.0,True,True,,
203,Nissan,Note,1199000,2017,автомат,-,синий,правый,-,131000,80,бензин,1.2,4WD,,,,,1084.0,
204,Mitsubishi,ASX,1527000,2013,вариатор,-,белый,левый,"1 поколение, рестайлинг",149000,150,бензин,2.0,4WD,Характеристики совпадают с ПТС,1.0,True,True,,
205,Toyota,Land Cruiser Prado,4397000,2017,АКПП,джип/suv 5 дв.,белый,левый,"4 поколение, рестайлинг",145000,177,дизель,2.8,4WD,Характеристики совпадают с ПТС,2.0,True,True,,
206,Toyota,Land Cruiser,2298000,2006,механика,джип/suv 5 дв.,серебристый,левый,"10 поколение, 2 рестайлинг",345000,204,дизель,4.2,4WD,Характеристики совпадают с ПТС,2.0,True,True,3336.0,
207,Toyota,Camry,1259000,2007,АКПП,седан,черный,левый,7 поколение,153000,167,бензин,2.4,передний,Характеристики совпадают с ПТС,5.0,False,True,1201.0,
208,Toyota,Vitz,799000,2012,вариатор,хэтчбек 5 дв.,серебристый,правый,3 поколение,100000,69,бензин,1.0,передний,,,,,194.0,
209,Toyota,Probox,1333000,2018,вариатор,-,белый,правый,"1 поколение, рестайлинг",88000,95,бензин,1.3,передний,,,,,,
210,Toyota,Prius,1139000,2011,вариатор,лифтбек,серый,правый,3 поколение,156250,99,гибрид,1.8,передний,,,,,,
211,Toyota,Land Cruiser Prado,3497000,2013,АКПП,джип/suv 5 дв.,черный,левый,4 поколение,212000,173,дизель,3.0,4WD,Характеристики совпадают с ПТС,5.0,True,True,3336.0,
212,Toyota,Land Cruiser Prado,2350000,2007,АКПП,джип/suv 5 дв.,черный,левый,3 поколение,300000,249,бензин,4.0,4WD,Характеристики совпадают с ПТС,9.0,True,True,90.0,
213,Lexus,RX270,2498000,2011,АКПП,-,черный,левый,3 поколение,197000,188,бензин,2.7,передний,Характеристики совпадают с ПТС,4.0,True,True,,
214,Toyota,Passo,695000,2014,вариатор,-,белый,правый,2 поколение,124000,69,бензин,1.0,передний,,,,,276.0,
215,Hyundai,Solaris,1883000,2020,АКПП,седан,коричневый,левый,"2 поколение, рестайлинг",89000,123,бензин,1.6,передний,Характеристики совпадают с ПТС,1.0,True,True,,
216,Лада,Гранта,735000,2017,механика,седан,коричневый,левый,1 поколение,3300,87,бензин,1.6,передний,Характеристики совпадают с ПТС,1.0,True,True,381.0,
217,Nissan,X-Trail,1990000,2016,вариатор,-,белый,левый,3 поколение,168000,144,бензин,2.0,4WD,Характеристики совпадают с ПТС,3.0,True,True,3336.0,
218,Honda,Fit,1377000,2020,вариатор,-,серебристый,правый,4 поколение,86000,98,бензин,1.3,передний,,,,,,True
219,Toyota,Avensis,1059000,2007,механика,седан,коричневый,левый,"2 поколение, рестайлинг",189000,129,бензин,1.8,передний,Цвет не совпадает с ПТС,3.0,False,True,3336.0,
220,Honda,Vezel,1999000,2018,робот,-,красный,правый,"1 поколение, рестайлинг",57987,132,гибрид,1.5,передний,,,,,,
221,Kia,Rio X (X-Line),1307000,2018,АКПП,-,синий,левый,1 поколение,62000,100,бензин,1.4,передний,Характеристики совпадают с ПТС,2.0,False,True,,
222,Ford,Focus,897000,2012,робот,седан,серый,левый,3 поколение,77000,125,бензин,1.6,передний,Характеристики совпадают с ПТС,5.0,True,True,,
223,Toyota,Hilux,3957000,2018,АКПП,-,оранжевый,левый,8 поколение,139000,177,дизель,2.8,4WD,Характеристики совпадают с ПТС,2.0,True,True,,
224,Toyota,Corolla,2070000,2021,вариатор,универсал,белый,правый,12 поколение,81014,140,бензин,1.8,передний,,,,,,True
225,Hyundai,Creta,1947000,2017,АКПП,-,белый,левый,1 поколение,119000,149,бензин,2.0,передний,Характеристики совпадают с ПТС,2.0,True,True,,
226,Toyota,Corolla Verso,899000,2006,робот,-,серебристый,левый,2 поколение,153844,129,бензин,1.8,передний,Характеристики совпадают с ПТС,5.0,True,True,1051.0,
227,Hyundai,Sonata,657000,2008,механика,-,черный,левый,"5 поколение, рестайлинг",250000,152,бензин,2.0,передний,Характеристики совпадают с ПТС,4.0,False,True,,
228,Toyota,Regius Ace,2397000,2010,АКПП,-,серый,правый,"2 поколение, рестайлинг",151000,133,бензин,2.0,задний,,,,,,
229,Lexus,RX200t,4147000,2016,АКПП,-,синий,левый,4 поколение,156000,238,бензин,2.0,4WD,Характеристики совпадают с ПТС,3.0,True,True,,
230,Лада,Гранта,743000,2019,механика,седан,белый,левый,"1 поколение, рестайлинг",20000,87,бензин,1.6,передний,Характеристики совпадают с ПТС,1.0,True,True,,
231,Peugeot,107,505000,2007,робот,хэтчбек 5 дв.,голубой,левый,1 поколение,118839,68,бензин,1.0,передний,Характеристики совпадают с ПТС,2.0,True,True,,
232,Toyota,Camry,3987000,2021,АКПП,седан,белый,левый,"9 поколение, рестайлинг",49000,249,бензин,3.5,передний,Характеристики совпадают с ПТС,1.0,True,True,,
233,Honda,HR-V,599000,2001,вариатор,джип/suv 5 дв.,серебристый,левый,1 поколение,221000,105,бензин,1.6,4WD,Характеристики совпадают с ПТС,6.0,True,True,973.0,
234,Toyota,Land Cruiser Prado,3697000,2010,АКПП,джип/suv 5 дв.,черный,левый,4 поколение,160000,282,бензин,4.0,4WD,Характеристики совпадают с ПТС,3.0,False,True,,
235,Honda,Fit Shuttle,1099000,2012,вариатор,-,коричневый,правый,1 поколение,171000,88,гибрид,1.3,передний,,,,,1084.0,
236,Mazda,Mazda6,2187000,2017,АКПП,седан,красный,левый,"3 поколение, рестайлинг",101000,150,бензин,2.0,передний,Характеристики совпадают с ПТС,3.0,True,True,,
237,Toyota,Camry,997000,2004,АКПП,седан,серебристый,левый,6 поколение,345000,152,бензин,2.4,передний,Характеристики совпадают с ПТС,5.0,True,True,3336.0,
238,Honda,CR-V,899000,2001,АКПП,-,белый,правый,2 поколение,198055,158,бензин,2.0,4WD,,,,,,
239,Renault,Fluence,949000,2011,автомат,-,черный,левый,-,267000,138,бензин,2.0,передний,Характеристики совпадают с ПТС,4.0,True,True,1223.0,
240,Nissan,Bluebird,428000,1999,АКПП,седан,серый,правый,"10 поколение, рестайлинг",294000,125,бензин,1.8,передний,,,,,,
241,Skoda,Yeti,1198000,2013,робот,-,черный,левый,1 поколение,69000,105,бензин,1.2,передний,Характеристики совпадают с ПТС,1.0,True,True,,
242,Nissan,Serena,1397000,2011,вариатор,-,серый,правый,4 поколение,134000,147,бензин,2.0,передний,,,,,,
243,Nissan,Murano,3097000,2017,вариатор,джип/suv 5 дв.,белый,левый,3 поколение,110000,249,бензин,3.5,4WD,Характеристики совпадают с ПТС,1.0,True,True,,
244,Skoda,Rapid,1537000,2018,механика,лифтбек,синий,левый,"1 поколение, рестайлинг",74000,90,бензин,1.6,передний,Характеристики совпадают с ПТС,1.0,True,True,,
245,Toyota,Camry,999000,2008,механика,седан,черный,левый,7 поколение,259140,167,бензин,2.4,передний,Характеристики совпадают с ПТС,9.0,False,True,1064.0,
246,Mazda,Mazda3,727000,2007,АКПП,хэтчбек 5 дв.,серый,левый,"1 поколение, рестайлинг",220000,105,бензин,1.6,передний,Характеристики совпадают с ПТС,8.0,True,True,,
247,Toyota,Land Cruiser Prado,3647000,2014,АКПП,джип/suv 5 дв.,белый,левый,"4 поколение, рестайлинг",168000,163,бензин,2.7,4WD,Характеристики совпадают с ПТС,2.0,True,True,,
248,Toyota,Land Cruiser Prado,2547000,2007,АКПП,джип/suv 5 дв.,черный,левый,3 поколение,189000,249,бензин,4.0,4WD,Характеристики совпадают с ПТС,4.0,True,True,,
249,Toyota,Previa,858000,2000,АКПП,-,серебристый,левый,2 поколение,280000,156,бензин,2.4,передний,Характеристики совпадают с ПТС,6.0,True,True,,
250,Mitsubishi,Outlander,1999000,2014,вариатор,-,серебристый,левый,3 поколение,96000,167,бензин,2.4,4WD,Характеристики совпадают с ПТС,6.0,True,True,,
251,Mercedes-Benz,E-Class,1987000,2012,АКПП,купе,коричневый,левый,4 поколение,123000,204,бензин,1.8,задний,Характеристики совпадают с ПТС,5.0,False,True,,
252,Toyota,Land Cruiser Prado,1957000,2003,АКПП,джип/suv 5 дв.,зеленый,левый,3 поколение,318000,150,бензин,2.7,4WD,Характеристики совпадают с ПТС,9.0,True,True,,
253,Toyota,Funcargo,479000,2000,АКПП,-,серый,правый,1 поколение,240000,110,бензин,1.5,передний,,,,,994.0,
254,SsangYong,Actyon,1099000,2012,АКПП,-,черный,левый,2 поколение,133000,149,дизель,2.0,передний,Характеристики совпадают с ПТС,2.0,True,True,1188.0,
255,Toyota,Land Cruiser Prado,2850000,2007,АКПП,джип/suv 5 дв.,черный,левый,3 поколение,244000,249,бензин,4.0,4WD,Характеристики совпадают с ПТС,3.0,True,True,3336.0,
256,Lexus,RX350,6049000,2020,АКПП,-,серый,левый,"4 поколение, рестайлинг",20000,300,бензин,3.5,4WD,Характеристики совпадают с ПТС,1.0,True,True,1183.0,
257,Honda,CR-V,2297000,2016,вариатор,-,синий,левый,"4 поколение, рестайлинг",67000,188,бензин,2.4,4WD,Характеристики совпадают с ПТС,1.0,True,True,,
258,Honda,Odyssey,749000,2001,АКПП,-,черный,правый,2 поколение,314320,150,бензин,2.3,передний,,,,,,
259,Toyota,RAV4,2630000,2018,вариатор,джип/suv 5 дв.,черный,левый,"4 поколение, рестайлинг",186000,146,бензин,2.0,4WD,Характеристики совпадают с ПТС,2.0,False,True,,
260,Renault,Duster,1550000,2021,механика,-,серый,левый,"1 поколение, рестайлинг",107000,114,бензин,1.6,4WD,Характеристики совпадают с ПТС,3.0,False,True,2528.0,
261,Honda,Civic,857000,2008,АКПП,седан,серый,левый,8 поколение,216000,140,бензин,1.8,передний,Характеристики совпадают с ПТС,8.0,True,True,,
262,Mercedes-Benz,E-Class,4397000,2019,АКПП,седан,белый,левый,5 поколение,78000,197,бензин,2.0,4WD,Характеристики совпадают с ПТС,1.0,True,True,,
263,Toyota,RAV4,2549000,2017,вариатор,джип/suv 5 дв.,черный,левый,"4 поколение, рестайлинг",129000,146,бензин,2.0,4WD,Характеристики совпадают с ПТС,4.0,False,True,,
264,Honda,Accord,1368000,2007,механика,седан,коричневый,левый,"7 поколение, рестайлинг",263000,190,бензин,2.4,передний,Характеристики совпадают с ПТС,9.0,True,True,,
265,Ford,Focus,899000,2012,механика,седан,белый,левый,3 поколение,184000,105,бензин,1.6,передний,Характеристики совпадают с ПТС,8.0,False,True,,
266,Mazda,Mazda6,2767000,2020,АКПП,седан,коричневый,левый,"3 поколение, 2 рестайлинг",46000,150,бензин,2.0,передний,Характеристики совпадают с ПТС,2.0,True,True,,
267,Land Rover,Range Rover Sport,1337000,2008,АКПП,-,черный,левый,1 поколение,269000,272,дизель,3.6,4WD,Характеристики совпадают с ПТС,7.0,True,True,,
268,Toyota,RAV4,1459000,2008,АКПП,джип/suv 5 дв.,черный,левый,3 поколение,181000,170,бензин,2.4,4WD,Характеристики совпадают с ПТС,5.0,True,True,,
269,Nissan,Teana,1333000,2010,вариатор,-,серебристый,левый,2 поколение,243000,249,бензин,3.5,передний,Характеристики совпадают с ПТС,6.0,False,True,,
270,Toyota,Land Cruiser Prado,5257000,2019,АКПП,джип/suv 5 дв.,белый,левый,"4 поколение, 2 рестайлинг",136000,163,бензин,2.7,4WD,Характеристики совпадают с ПТС,1.0,True,True,,
271,Hyundai,Sonata,1887000,2017,АКПП,-,белый,левый,"7 поколение, рестайлинг",69000,150,бензин,2.0,передний,Характеристики совпадают с ПТС,1.0,True,True,,
272,Лада,Гранта,737000,2020,механика,лифтбек,серый,левый,"1 поколение, рестайлинг",20700,87,бензин,1.6,передний,Характеристики совпадают с ПТС,2.0,True,True,,
273,Lexus,ES250,2699000,2015,АКПП,-,черный,левый,6 поколение,92000,184,бензин,2.5,передний,Характеристики совпадают с ПТС,3.0,True,True,3336.0,
274,Lexus,RZ450e,6999000,2023,АКПП,-,белый,левый,1 поколение,0,308,электро,,4WD,,,,,3874.0,
275,Toyota,Camry,2497000,2017,АКПП,седан,черный,левый,"8 поколение, 2 рестайлинг",89000,181,бензин,2.5,передний,Характеристики совпадают с ПТС,4.0,True,True,,
276,Toyota,Camry,3549000,2021,АКПП,седан,черный,левый,"9 поколение, рестайлинг",50000,200,бензин,2.5,передний,Характеристики совпадают с ПТС,4.0,False,True,,
277,Lexus,GX460,4797000,2014,АКПП,-,белый,левый,"2 поколение, рестайлинг",132000,296,бензин,4.6,4WD,Характеристики совпадают с ПТС,4.0,False,True,,
278,Toyota,Land Cruiser,4583000,2014,АКПП,джип/suv 5 дв.,черный,левый,"11 поколение, рестайлинг",292000,235,дизель,4.5,4WD,Характеристики совпадают с ПТС,1.0,True,True,,
279,Toyota,Land Cruiser Prado,3897000,2015,АКПП,джип/suv 5 дв.,белый,левый,"4 поколение, рестайлинг",137000,173,дизель,3.0,4WD,Характеристики совпадают с ПТС,2.0,True,True,,
280,Hyundai,ix35,1497000,2011,АКПП,-,серый,левый,1 поколение,178000,150,бензин,2.0,4WD,Характеристики совпадают с ПТС,4.0,True,True,,
281,Toyota,C-HR,2167000,2018,вариатор,-,черный,правый,1 поколение,123000,98,гибрид,1.8,передний,,,,,,
282,Honda,CR-V,897000,2002,механика,-,серый,левый,2 поколение,166000,160,бензин,2.4,4WD,Характеристики совпадают с ПТС,3.0,True,True,,
283,Toyota,Land Cruiser Prado,1983000,2004,АКПП,джип/suv 5 дв.,синий,левый,3 поколение,295000,249,бензин,4.0,4WD,Характеристики совпадают с ПТС,4.0,True,True,,
284,Opel,Antara,1328000,2012,АКПП,-,белый,левый,"1 поколение, рестайлинг",174600,249,бензин,3.0,4WD,Характеристики совпадают с ПТС,5.0,False,True,,
285,Toyota,Camry,3443000,2020,АКПП,седан,белый,левый,9 поколение,41000,181,бензин,2.5,передний,Характеристики совпадают с ПТС,1.0,True,True,,
286,Toyota,Esquire,2627000,2017,вариатор,-,белый,правый,"1 поколение, рестайлинг",118000,152,бензин,2.0,передний,,,,,,
287,Opel,Vectra,357000,1999,автомат,седан,синий,правый,-,234000,136,бензин,2.0,передний,Характеристики совпадают с ПТС,7.0,True,True,1015.0,
288,Toyota,Corolla Fielder,1158000,2013,вариатор,-,серый,правый,3 поколение,190800,103,бензин,1.5,4WD,,,,,1050.0,
289,Mazda,MPV,650000,2001,АКПП,-,черный,правый,2 поколение,350000,170,бензин,2.5,передний,,,,,226.0,
290,Honda,Shuttle,1539000,2018,робот,универсал,синий,правый,2 поколение,72000,110,гибрид,1.5,передний,,,,,3336.0,
291,Opel,Antara,1387000,2012,АКПП,-,черный,левый,"1 поколение, рестайлинг",175000,249,бензин,3.0,4WD,Характеристики совпадают с ПТС,3.0,False,True,,
292,Toyota,Land Cruiser Prado,4297000,2018,АКПП,джип/suv 5 дв.,белый,правый,"4 поколение, 2 рестайлинг",111000,177,дизель,2.8,4WD,,,,,3628.0,
293,Hyundai,Solaris,1099000,2013,АКПП,седан,синий,левый,1 поколение,220000,123,бензин,1.6,передний,Характеристики совпадают с ПТС,4.0,True,True,1054.0,
294,Toyota,Aqua,1128000,2017,вариатор,-,белый,правый,"1 поколение, 2 рестайлинг",92000,74,гибрид,1.5,передний,,,,,3878.0,
295,Mercedes-Benz,C-Class,1787000,2012,АКПП,купе,серый,левый,"3 поколение, рестайлинг",218000,156,бензин,1.8,задний,Характеристики совпадают с ПТС,5.0,True,True,,
296,Geely,Monjaro,3550000,2023,АКПП,-,серый,левый,1 поколение,0,238,бензин,2.0,4WD,,,,,464.0,
297,Honda,Fit,713000,2007,вариатор,-,серый,правый,"1 поколение, 2 рестайлинг",252000,86,бензин,1.3,передний,,,,,,
298,Renault,Kaptur,1099000,2017,вариатор,-,серый,левый,1 поколение,178000,114,бензин,1.6,передний,Характеристики совпадают с ПТС,3.0,False,True,1173.0,
299,Hyundai,i30,1243000,2013,АКПП,хэтчбек 5 дв.,коричневый,левый,2 поколение,163000,130,бензин,1.6,передний,Характеристики совпадают с ПТС,1.0,True,True,,
300,Toyota,Land Cruiser Prado,3597000,2011,АКПП,джип/suv 5 дв.,серый,левый,4 поколение,154000,282,бензин,4.0,4WD,Характеристики совпадают с ПТС,2.0,True,True,,
301,Lexus,LX570,3287000,2008,АКПП,-,черный,левый,3 поколение,297000,367,бензин,5.7,4WD,Характеристики совпадают с ПТС,6.0,False,True,,
302,Honda,Fit Shuttle,1197000,2012,вариатор,-,белый,правый,1 поколение,78000,88,гибрид,1.3,передний,,,,,3336.0,
303,Mercedes-Benz,GLS-Class,5597000,2017,АКПП,-,белый,левый,1 поколение,114000,333,бензин,3.0,4WD,Характеристики совпадают с ПТС,3.0,False,True,,
304,Toyota,Windom,897000,2001,АКПП,-,белый,правый,3 поколение,133700,215,бензин,3.0,передний,,,,,3336.0,
305,Hyundai,Solaris,1388000,2018,АКПП,седан,черный,левый,2 поколение,85000,123,бензин,1.6,передний,Характеристики совпадают с ПТС,1.0,False,True,,
306,Kia,Sportage,2297000,2019,АКПП,джип/suv 5 дв.,красный,левый,"4 поколение, рестайлинг",76000,150,бензин,2.0,4WD,Характеристики совпадают с ПТС,3.0,False,True,,
307,Toyota,Highlander,1497000,2003,АКПП,-,серебристый,левый,1 поколение,249000,220,бензин,3.0,4WD,Характеристики совпадают с ПТС,8.0,True,True,3336.0,
308,Nissan,Murano,2987000,2017,вариатор,джип/suv 5 дв.,серый,левый,3 поколение,94000,249,бензин,3.5,4WD,Характеристики совпадают с ПТС,1.0,True,True,1138.0,
309,Renault,Kaptur,1883000,2020,вариатор,-,красный,левый,"1 поколение, рестайлинг",51000,149,бензин,1.3,передний,Характеристики совпадают с ПТС,1.0,True,True,,
310,Toyota,Land Cruiser,4099000,2014,АКПП,джип/suv 5 дв.,черный,левый,"11 поколение, рестайлинг",104000,235,дизель,4.5,4WD,Характеристики совпадают с ПТС,5.0,True,True,,
311,Лада,Веста Кросс,1190000,2019,робот,универсал,белый,левый,1 поколение,63200,122,бензин,1.8,передний,Характеристики совпадают с ПТС,2.0,True,True,3336.0,
312,Lexus,RX350,2483000,2011,АКПП,-,серый,левый,3 поколение,264000,277,бензин,3.5,4WD,Характеристики совпадают с ПТС,6.0,True,True,,
313,Toyota,Land Cruiser,4498000,2013,АКПП,джип/suv 5 дв.,черный,левый,"11 поколение, рестайлинг",115000,235,дизель,4.5,4WD,Характеристики совпадают с ПТС,4.0,True,True,4660.0,
314,JAC,J7,1779000,2023,вариатор,лифтбек,черный,левый,1 поколение,0,136,бензин,1.5,передний,,,,,,
315,Toyota,Land Cruiser Prado,3497000,2012,АКПП,джип/suv 5 дв.,черный,левый,4 поколение,186000,163,бензин,2.7,4WD,Характеристики совпадают с ПТС,1.0,True,True,,
316,Audi,A5,5097000,2022,робот,лифтбек,черный,левый,"2 поколение, рестайлинг",18000,204,гибрид,2.0,4WD,,,,,,True
317,Hyundai,ix35,1697000,2013,АКПП,-,черный,левый,"1 поколение, рестайлинг",78000,150,бензин,2.0,передний,Характеристики совпадают с ПТС,2.0,True,True,3336.0,
318,Toyota,Roomy,1229000,2017,вариатор,-,синий,правый,1 поколение,104000,69,бензин,1.0,4WD,,,,,1095.0,
319,Hyundai,i40,1383000,2013,АКПП,седан,красный,левый,1 поколение,121000,150,бензин,2.0,передний,Характеристики совпадают с ПТС,2.0,True,True,,
320,Mazda,Mazda5,1047000,2008,механика,-,серебристый,левый,2 поколение,177000,115,бензин,1.8,передний,Характеристики совпадают с ПТС,3.0,True,True,3336.0,
321,Nissan,X-Trail,2060000,2017,вариатор,-,серебристый,левый,3 поколение,154000,144,бензин,2.0,4WD,Характеристики совпадают с ПТС,2.0,True,True,,
322,Toyota,Camry,1557000,2011,АКПП,седан,серебристый,левый,"7 поколение, рестайлинг",193000,167,бензин,2.4,передний,Характеристики совпадают с ПТС,6.0,True,True,,
323,Land Rover,Range Rover,4299000,2016,АКПП,джип/suv 5 дв.,белый,левый,4 поколение,220000,339,дизель,4.4,4WD,Характеристики совпадают с ПТС,5.0,False,True,,
324,Toyota,Camry,2249000,2016,АКПП,седан,белый,левый,"8 поколение, рестайлинг",172000,181,бензин,2.5,передний,Характеристики совпадают с ПТС,3.0,True,True,3336.0,
325,Volkswagen,Touareg,1057000,2008,АКПП,-,синий,левый,"1 поколение, рестайлинг",182000,350,бензин,4.2,4WD,Характеристики совпадают с ПТС,5.0,False,True,,
326,Mazda,CX-3,2253000,2019,АКПП,-,белый,правый,"1 поколение, рестайлинг",86000,150,бензин,2.0,передний,,,,,,True
327,Hyundai,Solaris,1487000,2017,АКПП,седан,синий,левый,2 поколение,135000,123,бензин,1.6,передний,Характеристики совпадают с ПТС,3.0,True,True,,
328,Nissan,X-Trail,1848000,2013,вариатор,-,черный,левый,"2 поколение, рестайлинг",166000,169,бензин,2.5,4WD,Характеристики совпадают с ПТС,3.0,False,True,,
329,Toyota,Camry,887000,2003,АКПП,седан,серый,левый,6 поколение,257000,152,бензин,2.4,передний,Характеристики совпадают с ПТС,3.0,True,True,,
330,Subaru,Levorg,1897000,2017,вариатор,-,серый,правый,1 поколение,153657,170,бензин,1.6,4WD,,,,,,True
331,Toyota,Camry,1897000,2012,АКПП,седан,черный,левый,8 поколение,225000,181,бензин,2.5,передний,Характеристики совпадают с ПТС,3.0,True,True,,
332,Honda,Odyssey,883000,2000,АКПП,-,черный,правый,2 поколение,189000,150,бензин,2.3,передний,,,,,,
333,Nissan,X-Trail,1729000,2012,вариатор,-,черный,левый,"2 поколение, рестайлинг",135000,141,бензин,2.0,4WD,Характеристики совпадают с ПТС,1.0,True,True,1134.0,
334,Mitsubishi,Pajero Sport,5597000,2023,автомат,-,черный,левый,"3 поколение, рестайлинг",0,216,бензин,3.0,4WD,,,,,245.0,
335,Nissan,Qashqai,1463000,2012,вариатор,-,серебристый,левый,"1 поколение, рестайлинг",112000,141,бензин,2.0,4WD,Характеристики совпадают с ПТС,4.0,True,True,,
336,Renault,Duster,1179000,2015,механика,-,белый,левый,1 поколение,160000,135,бензин,2.0,4WD,Характеристики совпадают с ПТС,1.0,True,True,1130.0,
337,Honda,Accord,1497000,2008,АКПП,седан,черный,левый,8 поколение,180000,201,бензин,2.4,передний,Характеристики совпадают с ПТС,10.0,True,True,,
338,Toyota,Land Cruiser Prado,5787000,2018,АКПП,джип/suv 5 дв.,черный,левый,"4 поколение, 2 рестайлинг",128000,249,бензин,4.0,4WD,Характеристики совпадают с ПТС,2.0,True,True,,
339,Toyota,Vitz,997000,2017,вариатор,хэтчбек 5 дв.,белый,правый,"3 поколение, рестайлинг",73000,69,бензин,1.0,передний,,,,,,True
340,Toyota,Corolla,1033000,2008,АКПП,седан,серый,левый,10 поколение,239000,124,бензин,1.6,передний,Характеристики совпадают с ПТС,5.0,True,True,,
341,Лада,Калина,378000,2012,механика,универсал,синий,левый,1 поколение,234000,81,бензин,1.6,передний,Характеристики совпадают с ПТС,2,False,True
342,Лада,Гранта,473000,2019,механика,седан,белый,левый,"1 поколение, рестайлинг",20000,87,бензин,1.6,передний,Характеристики совпадают с ПТС,1,False,False,
343,Лада,2114 Самара,320000,2007,механика,хэтчбек 5 дв.,серый,левый,1 поколение,280000,80,бензин,1.6,передний,Характеристики совпадают с ПТС,3,False,False,,
344,Лада,2105,165000,2010,механика,,черный,левый,1 поколение,99000,72,бензин,1.6,задний,Характеристики совпадают С ПТС,2,False,False,
345,Лада,Гранта,415000,2014,механика,седан,синий,левый,1 поколение,320000,82,бензин,1.6,передний,Характеристики совпадают с ПТС,2,True,False,